<?xml version="1.0" encoding="UTF-8"?>
<project-private xmlns="http://www.netbeans.org/ns/project-private/1">
    <editor-bookmarks xmlns="http://www.netbeans.org/ns/editor-bookmarks/2" lastBookmarkId="0"/>
    <open-files xmlns="http://www.netbeans.org/ns/projectui-open-files/2">
        <group>
            <file>file:/Users/raymon/Documents/FEl/IS_PrincipiosDeConstruccion_AGO22/Practica/AppControlEscolar/src/appcontrolescolar/modelo/dao/AlumnoDAO.java</file>
            <file>file:/Users/raymon/Documents/FEl/IS_PrincipiosDeConstruccion_AGO22/Practica/AppControlEscolar/src/appcontrolescolar/alumno/FXMLFormularioAlumnoController.java</file>
            <file>file:/Users/raymon/Documents/FEl/IS_PrincipiosDeConstruccion_AGO22/Practica/AppControlEscolar/src/appcontrolescolar/modelo/pojo/Alumno.java</file>
            <file>file:/Users/raymon/Documents/FEl/IS_PrincipiosDeConstruccion_AGO22/Practica/AppControlEscolar/src/appcontrolescolar/util/Utilidades.java</file>
            <file>file:/Users/raymon/Documents/FEl/IS_PrincipiosDeConstruccion_AGO22/Practica/AppControlEscolar/src/appcontrolescolar/alumno/FXMLAdminAlumnosController.java</file>
        </group>
    </open-files>
</project-private>
